Source,Target
Airen,Mabella
Airen,Margaret
Airen,Alexa
Airen,Abby
Airen,Chloe
Airen,Peyton
Airen,Celina
Airen,Julia
Airen,Mia
Airen,Clare
Airen,Sophie
Airen,Anthony
Airen,Addi
Mabella,Airen
Mabella,Margaret
Mabella,Alexa
Mabella,Abby
Mabella,Chloe
Mabella,Victoria
Mabella,Ellie
Mabella,Peyton
Margaret,Airen
Margaret,Mabella
Margaret,Alexa
Margaret,Abby
Margaret,Chloe
Margaret,Victoria
Margaret,Ellie
Margaret,Peyton
Margaret,Clare
Margaret,Summer
Margaret,Anna H. 
Alexa,Margaret
Alexa,Mabella
Alexa,Abby
Alexa,Chloe
Alexa,Peyton
Alexa,Clare
Alexa,Summer
Alexa,Leah
Abby,Airen
Abby,Margaret
Abby,Mabella
Abby,Alexa
Abby,Chloe
Abby,Peyton
Abby,Anna H. 
Chloe,Airen
Chloe,Mabella
Chloe,Margaret
Chloe,Alexa
Chloe,Abby
Chloe,Peyton
Chloe,Anna H. 
Chloe,Anna P.
Chloe,Maeva
Peyton,Airen
Peyton,Mabella
Peyton,Margaret
Peyton,Alexa
Peyton,Abby
Peyton,Chloe
Peyton,Anna H. 
Anna P.,Chloe
Anna H. ,Alexa
Anna H. ,Abby
Anna H. ,Chloe
Anna H. ,Margaret
Anna H. ,Lexi
Anna H. ,Alara
Clare,Summer
Clare,Leah
Clare,Lily
Clare,Margaret
Clare,Alexa
Clare,Anthony
Summer,Clare
Summer,Leah
Summer,Lily
Leah,Clare
Leah,Summer
Leah,Alexa
Leah,Lily
Lily,Clare
Lily,Summer
Lily,Leah
Victoria,Ellie
Victoria,Mabella
Victoria,Margaret
Ellie,Victoria
Ellie,Mabella
Ellie,Margaret
Maeva,Chloe
Lexi,Anna H. 
Lexi,Alara
Lexi,Addi
Lexi,Sophie
Julia,Mia
Julia,Airen
Julia,Celina
Julia,Shriya
Mia,Julia
Mia,Airen
Mia,Celina
Mia,Shriya
Shriya,Airen
Shriya,Celina
Shriya,Julia
Shriya,Mia
Addi,Lexi
Addi,Airen
Sophie,Airen
Sophie,Lexi
Alara,Jeremy
Alara,Nick
Alara,Anna P.
Jeremy,Alara
Jeremy,Nick
Alex,Jeremy
Alex,Matthew
Alex,Caden
Alex,Anthony
Alex,Jeremiah
Alex,Brendon
Matthew,Alex
Matthew,Caden
Matthew,Anthony
Matthew,Jeremiah
Caden,Alex
Caden,Matthew
Caden,Anthony
Anthony,Airen
Anthony,Matthew
Anthony,Caden
Anthony,Alex
Anthony,Will
Anthony,Jeremiah
Anthony,Arjun
Anthony,Jonathan
Anthony,Oren
Anthony,Nick
Will,Anthony
Will,Airen
Will,Oren
Will,Arjun
Will,Jeremiah
Jeremiah,Alex
Jeremiah,Matthew
Jeremiah,Caden
Jeremiah,Anthony
Jeremiah,Will
Jeremiah,Arjun
Arjun,Will
Arjun,Anthony
Arjun,Oren
Arjun,Brendon
Arjun,Dennis
Arjun,Jeremiah
Jonathan,Anthony
Nick,Alara
Nick,Anthony
Oren,Will
Oren,Anthony
Oren,Arjun
Brendon,Arjun
Brendon,Dennis
Dennis,Brendon
Dennis,Arjun
